{
  "config_name": "D",
  "fast_mode": false,
  "num_epochs_target": 50,
  "epochs_per_fold": [
    50,
    50,
    50,
    50,
    50
  ],
  "batch_size": 64,
  "lr": 0.0001,
  "weight_decay": 0.0001,
  "dropout_p": 0.4,
  "n_splits": 5,
  "use_zscore": true,
  "zscore_by_channel": true,
  "seed": 42,
  "classes_values": [
    1,
    2,
    3
  ],
  "value2id": {
    "1": 0,
    "2": 1,
    "3": 2
  },
  "train_f1_mean": 0.657505190785806,
  "train_f1_std": 0.009746710465184796,
  "test_f1_mean": 0.6736221615158685,
  "test_f1_std": 0.016460128368163192,
  "train_acc_mean": 0.6956642660680951,
  "train_acc_std": 0.009471575495820084,
  "test_acc_mean": 0.7086420717554965,
  "test_acc_std": 0.01596813884162311,
  "train_loss_mean": 0.7199763637032814,
  "train_loss_std": 0.011259227956474036,
  "test_loss_mean": 0.7020872362396297,
  "test_loss_std": 0.02447114033320884
}