{
  "num_epochs_target": 50,
  "epochs_per_fold": [
    10,
    12,
    8,
    9,
    9
  ],
  "batch_size": 64,
  "lr": 0.0005,
  "weight_decay": 0.0005,
  "dropout_p": 0.5,
  "n_splits": 5,
  "use_zscore": true,
  "zscore_by_channel": true,
  "seed": 42,
  "classes_values": [
    1,
    2,
    3
  ],
  "value2id": {
    "1": 0,
    "2": 1,
    "3": 2
  },
  "train_f1_mean": 0.9764117913872395,
  "train_f1_std": 0.00503946473112059,
  "test_f1_mean": 0.46584857398158575,
  "test_f1_std": 0.12764281790101994,
  "train_acc_mean": 0.9788687885742394,
  "train_acc_std": 0.004464947688669185,
  "test_acc_mean": 0.5029135287015651,
  "test_acc_std": 0.1326281003363953,
  "train_loss_mean": 0.06910239886026422,
  "train_loss_std": 0.011140824226944663,
  "test_loss_mean": 1.9371284710133776,
  "test_loss_std": 0.6605272412704751
}