{
  "config_name": "G",
  "fast_mode": false,
  "num_epochs_target": 50,
  "epochs_per_fold": [
    50,
    50,
    50,
    50,
    50
  ],
  "batch_size": 64,
  "lr": 0.0001,
  "weight_decay": 0.0001,
  "dropout_p": 0.6,
  "n_splits": 5,
  "use_zscore": true,
  "zscore_by_channel": true,
  "seed": 42,
  "classes_values": [
    1,
    2,
    3
  ],
  "value2id": {
    "1": 0,
    "2": 1,
    "3": 2
  },
  "train_f1_mean": 0.6304433264969453,
  "train_f1_std": 0.011245871084343996,
  "test_f1_mean": 0.6618682574490452,
  "test_f1_std": 0.019989614854983646,
  "train_acc_mean": 0.673770824348104,
  "train_acc_std": 0.011089544870109045,
  "test_acc_mean": 0.7062062672944431,
  "test_acc_std": 0.01863633068506167,
  "train_loss_mean": 0.7733379778080179,
  "train_loss_std": 0.011053867458841937,
  "test_loss_mean": 0.7246936872601509,
  "test_loss_std": 0.018334996927143788
}