{
  "config_name": "E",
  "fast_mode": false,
  "num_epochs_target": 50,
  "epochs_per_fold": [
    50,
    50,
    50,
    50,
    50
  ],
  "batch_size": 64,
  "lr": 5e-05,
  "weight_decay": 0.0005,
  "dropout_p": 0.5,
  "n_splits": 5,
  "use_zscore": true,
  "zscore_by_channel": true,
  "seed": 42,
  "classes_values": [
    1,
    2,
    3
  ],
  "value2id": {
    "1": 0,
    "2": 1,
    "3": 2
  },
  "train_f1_mean": 0.6237249755912696,
  "train_f1_std": 0.008159135960847472,
  "test_f1_mean": 0.6574786806768882,
  "test_f1_std": 0.016510949836911256,
  "train_acc_mean": 0.6687752083625407,
  "train_acc_std": 0.008274634609696385,
  "test_acc_mean": 0.6982185460781146,
  "test_acc_std": 0.016515703423083318,
  "train_loss_mean": 0.7879912702764096,
  "train_loss_std": 0.008995324822527247,
  "test_loss_mean": 0.7432035379550037,
  "test_loss_std": 0.019833115656644463
}