{
  "num_epochs_target": 50,
  "epochs_per_fold": [
    8,
    8,
    11,
    8,
    8
  ],
  "batch_size": 64,
  "lr": 0.0001,
  "n_splits": 5,
  "use_zscore": true,
  "zscore_by_channel": true,
  "seed": 42,
  "classes_values": [
    1,
    2,
    3
  ],
  "value2id": {
    "1": 0,
    "2": 1,
    "3": 2
  },
  "train_acc_mean": 0.8337354357939498,
  "train_acc_std": 0.03807033484003533,
  "test_acc_mean": 0.126078431372549,
  "test_acc_std": 0.252156862745098,
  "train_loss_mean": 0.420857319761725,
  "train_loss_std": 0.09042098809401986,
  "test_loss_mean": 0.2192632555961609,
  "test_loss_std": 0.4385265111923218
}