{
  "num_epochs_target": 50,
  "epochs_per_fold": [
    13,
    13,
    13,
    12,
    11
  ],
  "batch_size": 64,
  "lr": 0.0001,
  "n_splits": 5,
  "use_zscore": true,
  "zscore_by_channel": true,
  "seed": 42,
  "classes_values": [
    1,
    2,
    3
  ],
  "value2id": {
    "1": 0,
    "2": 1,
    "3": 2
  },
  "train_f1_mean": 0.9208611732383553,
  "train_f1_std": 0.013686680694092008,
  "test_f1_mean": 0.5587637315320024,
  "test_f1_std": 0.039996946447521387,
  "train_loss_mean": 0.18493828920286093,
  "train_loss_std": 0.026225870983714105,
  "test_loss_mean": 1.1821980638100822,
  "test_loss_std": 0.14769224993555718
}