{
  "num_epochs_target": 50,
  "epochs_per_fold": [
    14,
    11,
    14,
    12,
    14
  ],
  "batch_size": 64,
  "lr": 0.0001,
  "weight_decay": 0.0001,
  "dropout_p": 0.5,
  "n_splits": 5,
  "use_zscore": true,
  "zscore_by_channel": true,
  "seed": 42,
  "classes_values": [
    1,
    2,
    3
  ],
  "value2id": {
    "1": 0,
    "2": 1,
    "3": 2
  },
  "train_f1_mean": 0.9070480611764854,
  "train_f1_std": 0.028491362311902527,
  "test_f1_mean": 0.5467323226520349,
  "test_f1_std": 0.03442012821407285,
  "train_acc_mean": 0.9143048787143156,
  "train_acc_std": 0.02761389211087656,
  "test_acc_mean": 0.606505401351113,
  "test_acc_std": 0.05188178196744335,
  "train_loss_mean": 0.2378954562321763,
  "train_loss_std": 0.05705905531969741,
  "test_loss_mean": 1.2519524455508766,
  "test_loss_std": 0.05131621370943217
}