{
  "num_epochs_target": 50,
  "epochs_per_fold": [
    14,
    12,
    11,
    11,
    13
  ],
  "batch_size": 64,
  "lr": 0.0001,
  "weight_decay": 0.0003,
  "dropout_p": 0.4,
  "n_splits": 5,
  "use_zscore": true,
  "zscore_by_channel": true,
  "seed": 42,
  "classes_values": [
    1,
    2,
    3
  ],
  "value2id": {
    "1": 0,
    "2": 1,
    "3": 2
  },
  "train_f1_mean": 0.9011657948265398,
  "train_f1_std": 0.019831536236227194,
  "test_f1_mean": 0.5504750391066714,
  "test_f1_std": 0.026465078213229267,
  "train_acc_mean": 0.9086936789070161,
  "train_acc_std": 0.01886744568514525,
  "test_acc_mean": 0.6078250188302914,
  "test_acc_std": 0.049936621711614254,
  "train_loss_mean": 0.2511295608842551,
  "train_loss_std": 0.04745243783380445,
  "test_loss_mean": 1.1499362277634004,
  "test_loss_std": 0.0830785245462059
}