{
  "config_name": "H",
  "fast_mode": false,
  "num_epochs_target": 50,
  "epochs_per_fold": [
    50,
    50,
    50,
    50,
    50
  ],
  "batch_size": 64,
  "lr": 0.0001,
  "weight_decay": 0.0003,
  "dropout_p": 0.4,
  "n_splits": 5,
  "use_zscore": true,
  "zscore_by_channel": true,
  "seed": 42,
  "classes_values": [
    1,
    2,
    3
  ],
  "value2id": {
    "1": 0,
    "2": 1,
    "3": 2
  },
  "train_f1_mean": 0.6592354908883471,
  "train_f1_std": 0.009475401457151198,
  "test_f1_mean": 0.6745705698774346,
  "test_f1_std": 0.016855557393263956,
  "train_acc_mean": 0.6976259648098051,
  "train_acc_std": 0.009159527702854255,
  "test_acc_mean": 0.709379909087787,
  "test_acc_std": 0.016295493154189003,
  "train_loss_mean": 0.7168566185016187,
  "train_loss_std": 0.01143324375312885,
  "test_loss_mean": 0.7007585451006889,
  "test_loss_std": 0.02439503712908935
}