{
  "config_name": "F",
  "fast_mode": false,
  "num_epochs_target": 50,
  "epochs_per_fold": [
    50,
    50,
    50,
    50,
    50
  ],
  "batch_size": 64,
  "lr": 7e-05,
  "weight_decay": 0.0001,
  "dropout_p": 0.5,
  "n_splits": 5,
  "use_zscore": true,
  "zscore_by_channel": true,
  "seed": 42,
  "classes_values": [
    1,
    2,
    3
  ],
  "value2id": {
    "1": 0,
    "2": 1,
    "3": 2
  },
  "train_f1_mean": 0.6341823696374587,
  "train_f1_std": 0.009613521052930946,
  "test_f1_mean": 0.6643340345556318,
  "test_f1_std": 0.020846624957678285,
  "train_acc_mean": 0.6767027212132458,
  "train_acc_std": 0.008929703026088054,
  "test_acc_mean": 0.7028075989353009,
  "test_acc_std": 0.01973799589872396,
  "train_loss_mean": 0.7660046983382699,
  "train_loss_std": 0.009410291878177705,
  "test_loss_mean": 0.7257577634033036,
  "test_loss_std": 0.019765103655541117
}