{
  "num_epochs_target": 50,
  "epochs_per_fold": [
    15,
    12,
    12,
    14,
    14
  ],
  "batch_size": 64,
  "lr": 0.0001,
  "weight_decay": 0.0003,
  "dropout_p": 0.5,
  "n_splits": 5,
  "use_zscore": true,
  "zscore_by_channel": true,
  "seed": 42,
  "classes_values": [
    1,
    2,
    3
  ],
  "value2id": {
    "1": 0,
    "2": 1,
    "3": 2
  },
  "train_f1_mean": 0.9149170733716282,
  "train_f1_std": 0.01741592638184601,
  "test_f1_mean": 0.5758709113232974,
  "test_f1_std": 0.03372211564250956,
  "train_acc_mean": 0.9221475578883498,
  "train_acc_std": 0.015980645968512907,
  "test_acc_mean": 0.6446006194407294,
  "test_acc_std": 0.04549491069329807,
  "train_loss_mean": 0.22911552836344992,
  "train_loss_std": 0.037379204786205406,
  "test_loss_mean": 1.1709074820665752,
  "test_loss_std": 0.12870483576198974
}