{
  "config_name": "B",
  "fast_mode": false,
  "num_epochs_target": 50,
  "epochs_per_fold": [
    50,
    50,
    50,
    50,
    50
  ],
  "batch_size": 64,
  "lr": 0.0001,
  "weight_decay": 0.0003,
  "dropout_p": 0.5,
  "n_splits": 5,
  "use_zscore": true,
  "zscore_by_channel": true,
  "seed": 42,
  "classes_values": [
    1,
    2,
    3
  ],
  "value2id": {
    "1": 0,
    "2": 1,
    "3": 2
  },
  "train_f1_mean": 0.6514655278694447,
  "train_f1_std": 0.009863487669414025,
  "test_f1_mean": 0.6674009934115471,
  "test_f1_std": 0.018676344574150735,
  "train_acc_mean": 0.6913024176340701,
  "train_acc_std": 0.00915894649274606,
  "test_acc_mean": 0.7040739181043205,
  "test_acc_std": 0.019670460718829705,
  "train_loss_mean": 0.7379960360262245,
  "train_loss_std": 0.012095902314036677,
  "test_loss_mean": 0.7061901282738237,
  "test_loss_std": 0.019048677522304082
}